{
    "2_buckets": [
        {
            "MSE": 0.018879889686812566,
            "Accuracy": 0.49702058504875407,
            "F1": 0.4771927167678456,
            "Average Similarity": 0.49702058504875407,
            "Confusion Matrix": [
                [
                    1277,
                    498
                ],
                [
                    1359,
                    558
                ]
            ],
            "Similarity Matrix": [
                [
                    0.48444613050075874,
                    0.0
                ],
                [
                    0.0,
                    0.5284090909090909
                ]
            ],
            "Uncertainties": {
                "class0": [],
                "class1": []
            }
        },
        {
            "MSE": 0.01886833751829557,
            "Accuracy": 0.47941495124593714,
            "F1": 0.3307698459644125,
            "Average Similarity": 0.47941495124593714,
            "Confusion Matrix": [
                [
                    1755,
                    20
                ],
                [
                    1902,
                    15
                ]
            ],
            "Similarity Matrix": [
                [
                    0.47990155865463496,
                    0.0
                ],
                [
                    0.0,
                    0.42857142857142855
                ]
            ],
            "Uncertainties": {
                "class0": [],
                "class1": []
            }
        },
        {
            "MSE": 0.01887937908496804,
            "Accuracy": 0.4818526543878657,
            "F1": 0.32744903277178516,
            "Average Similarity": 0.4824185891414845,
            "Confusion Matrix": [
                [
                    1774,
                    1
                ],
                [
                    1912,
                    5
                ]
            ],
            "Similarity Matrix": [
                [
                    0.4812805208898535,
                    0.0
                ],
                [
                    0.0005668559713403905,
                    0.8333333333333334
                ]
            ],
            "Uncertainties": {
                "class0": [
                    0.7999016046524048
                ],
                "class1": []
            }
        }
    ]
}