{
    "1_buckets": [
        {
            "R2": 0.5076210786490555,
            "MAE": 34.30001535390757,
            "MSE": 5158.270842929525,
            "Accuracy": 1.0,
            "F1": 1.0,
            "Confusion Matrix": [
                [
                    6513
                ]
            ],
            "Uncertainties": {
                "class0": []
            }
        },
        {
            "R2": 0.5068436826313363,
            "MAE": 34.3929064947029,
            "MSE": 5166.415016121603,
            "Accuracy": 1.0,
            "F1": 1.0,
            "Confusion Matrix": [
                [
                    6513
                ]
            ],
            "Uncertainties": {
                "class0": []
            }
        }
    ],
    "2_buckets": [
        {
            "R2": 0.511133950735685,
            "MAE": 33.58836173806234,
            "MSE": 5121.469215415324,
            "Accuracy": 0.7918010133578995,
            "F1": 0.7907708825708973,
            "Confusion Matrix": [
                [
                    2807,
                    700
                ],
                [
                    656,
                    2350
                ]
            ],
            "Uncertainties": {
                "class0": [
                    0.3166956901550293,
                    0.5587382316589355,
                    0.5790953636169434,
                    0.5955113768577576,
                    0.5965622663497925
                ],
                "class1": [
                    0.43118816614151,
                    0.47988179326057434,
                    0.5211429595947266,
                    0.5331985354423523,
                    0.5556804537773132
                ]
            }
        },
        {
            "R2": 0.5041881108492989,
            "MAE": 33.93904498694918,
            "MSE": 5194.23537540304,
            "Accuracy": 0.790879778903731,
            "F1": 0.7898268064310627,
            "Confusion Matrix": [
                [
                    2806,
                    701
                ],
                [
                    661,
                    2345
                ]
            ],
            "Uncertainties": {
                "class0": [
                    0.35212934017181396,
                    0.49949586391448975,
                    0.5293469429016113,
                    0.5541185736656189,
                    0.5894513726234436
                ],
                "class1": [
                    0.35417941212654114,
                    0.4744052588939667,
                    0.4783526659011841,
                    0.5264406204223633,
                    0.5349063873291016
                ]
            }
        }
    ]
}