{
    "2_buckets": [
        {
            "MSE": 2052945192.1057322,
            "Accuracy": 0.8080861816730949,
            "F1": 0.8080835202852937,
            "Average Similarity": 0.8124652026814182,
            "Confusion Matrix": [
                [
                    3024,
                    660
                ],
                [
                    783,
                    3052
                ]
            ],
            "Similarity Matrix": [
                [
                    0.7943262411347518,
                    0.0035023509239272286
                ],
                [
                    0.005233814639339557,
                    0.822198275862069
                ]
            ],
            "Uncertainties": {
                "class0": [
                    0.5171449184417725,
                    0.5289498567581177,
                    0.5738555192947388,
                    0.5743944644927979,
                    0.6182733774185181
                ],
                "class1": [
                    0.4846290647983551,
                    0.49464234709739685,
                    0.5221599340438843,
                    0.5616310834884644,
                    0.5784264206886292
                ]
            }
        },
        {
            "MSE": 2053892498.9018486,
            "Accuracy": 0.8079531852639978,
            "F1": 0.8079503284011256,
            "Average Similarity": 0.815458291164159,
            "Confusion Matrix": [
                [
                    3023,
                    661
                ],
                [
                    783,
                    3052
                ]
            ],
            "Similarity Matrix": [
                [
                    0.7942722017866527,
                    0.006087395522307807
                ],
                [
                    0.008888174379659204,
                    0.821976838136278
                ]
            ],
            "Uncertainties": {
                "class0": [
                    0.5095534920692444,
                    0.5142972469329834,
                    0.5620456337928772,
                    0.5756653547286987,
                    0.5897823572158813
                ],
                "class1": [
                    0.4750443398952484,
                    0.521636962890625,
                    0.5253909230232239,
                    0.5502906441688538,
                    0.5652022361755371
                ]
            }
        },
        {
            "MSE": 2056282533.0287273,
            "Accuracy": 0.8078201888549009,
            "F1": 0.8078185435868199,
            "Average Similarity": 0.8119686968553307,
            "Confusion Matrix": [
                [
                    3026,
                    658
                ],
                [
                    787,
                    3048
                ]
            ],
            "Similarity Matrix": [
                [
                    0.7936008392341988,
                    0.0034671102349202536
                ],
                [
                    0.004810784454397334,
                    0.8224500809498111
                ]
            ],
            "Uncertainties": {
                "class0": [
                    0.5229523777961731,
                    0.5828295350074768,
                    0.5906172394752502,
                    0.599606454372406,
                    0.6078059077262878
                ],
                "class1": [
                    0.43099409341812134,
                    0.4914177656173706,
                    0.5268577337265015,
                    0.5356616377830505,
                    0.6126412749290466
                ]
            }
        },
        {
            "MSE": 2054829291.0284612,
            "Accuracy": 0.807687192445804,
            "F1": 0.8076843316260578,
            "Average Similarity": 0.8137648153599819,
            "Confusion Matrix": [
                [
                    3022,
                    662
                ],
                [
                    784,
                    3051
                ]
            ],
            "Similarity Matrix": [
                [
                    0.7940094587493431,
                    0.004824732858257939
                ],
                [
                    0.007299898473198198,
                    0.8217075141395098
                ]
            ],
            "Uncertainties": {
                "class0": [
                    0.5116634964942932,
                    0.5504319667816162,
                    0.5629994869232178,
                    0.5846210718154907,
                    0.6444684267044067
                ],
                "class1": [
                    0.46950915455818176,
                    0.46984174847602844,
                    0.528128981590271,
                    0.5424323678016663,
                    0.5731196999549866
                ]
            }
        },
        {
            "MSE": 2057304943.4024472,
            "Accuracy": 0.807687192445804,
            "F1": 0.8076834879911428,
            "Average Similarity": 0.8129613622655973,
            "Confusion Matrix": [
                [
                    3020,
                    664
                ],
                [
                    782,
                    3053
                ]
            ],
            "Similarity Matrix": [
                [
                    0.7943187795896897,
                    0.004282803694157173
                ],
                [
                    0.006243372315582365,
                    0.8213613128867366
                ]
            ],
            "Uncertainties": {
                "class0": [
                    0.48974326252937317,
                    0.5070754885673523,
                    0.5523026585578918,
                    0.5530160665512085,
                    0.568416178226471
                ],
                "class1": [
                    0.4969509243965149,
                    0.5447491407394409,
                    0.5502424240112305,
                    0.55109041929245,
                    0.6221206784248352
                ]
            }
        }
    ],
    "3_buckets": [
        {
            "MSE": 1856449549.9192712,
            "Accuracy": 0.6861284745311876,
            "F1": 0.6814094610749096,
            "Average Similarity": 0.6949538244015937,
            "Confusion Matrix": [
                [
                    1875,
                    452,
                    165
                ],
                [
                    669,
                    1299,
                    525
                ],
                [
                    183,
                    366,
                    1985
                ]
            ],
            "Similarity Matrix": [
                [
                    0.6875687568756875,
                    0.006358047050267729,
                    0.0016633578592065187
                ],
                [
                    0.007946006896691326,
                    0.6136041568256967,
                    0.004279650113152253
                ],
                [
                    0.002094126560705375,
                    0.004544558245529317,
                    0.7420560747663552
                ]
            ],
            "Uncertainties": {
                "class0": [
                    0.28305649757385254,
                    0.3813907206058502,
                    0.4068411588668823,
                    0.4141024053096771,
                    0.4442640542984009
                ],
                "class1": [
                    0.28305649757385254,
                    0.3537694811820984,
                    0.35895490646362305,
                    0.3813907206058502,
                    0.3934559226036072
                ],