{
    "2_buckets": [
        {
            "MSE": 154.29183352941175,
            "Accuracy": 0.8294117647058824,
            "F1": 0.828932301606579,
            "Average Similarity": 0.8559523792337512,
            "Confusion Matrix": [
                [
                    150,
                    27
                ],
                [
                    31,
                    132
                ]
            ],
            "Similarity Matrix": [
                [
                    0.8287292817679558,
                    0.022948276242744727
                ],
                [
                    0.029696315010381346,
                    0.8301886792452831
                ]
            ],
            "Uncertainties": {
                "class0": [
                    0.09887111932039261,
                    0.29434749484062195,
                    0.305156946182251,
                    0.4702858030796051,
                    0.48960068821907043
                ],
                "class1": [
                    0.4156258702278137,
                    0.42958465218544006,
                    0.4617682993412018,
                    0.4976496398448944,
                    0.563338041305542
                ]
            }
        },
        {
            "MSE": 151.31426735294116,
            "Accuracy": 0.8352941176470589,
            "F1": 0.8349285615203218,
            "Average Similarity": 0.8725833849783186,
            "Confusion Matrix": [
                [
                    150,
                    27
                ],
                [
                    29,
                    134
                ]
            ],
            "Similarity Matrix": [
                [
                    0.8379888268156425,
                    0.03513775616114628
                ],
                [
                    0.03922442542281441,
                    0.8322981366459627
                ]
            ],
            "Uncertainties": {
                "class0": [
                    0.26459595561027527,
                    0.3772045969963074,
                    0.38474106788635254,
                    0.43585556745529175,
                    0.437887579202652
                ],
                "class1": [
                    0.3292185366153717,
                    0.3468230664730072,
                    0.37420761585235596,
                    0.4771597683429718,
                    0.4888700246810913
                ]
            }
        },
        {
            "MSE": 158.56369029411763,
            "Accuracy": 0.8235294117647058,
            "F1": 0.822787449181695,
            "Average Similarity": 0.8516632649329899,
            "Confusion Matrix": [
                [
                    151,
                    26
                ],
                [
                    34,
                    129
                ]
            ],
            "Similarity Matrix": [
                [
                    0.8162162162162162,
                    0.0223733916429307
                ],
                [
                    0.03296018579763413,
                    0.832258064516129
                ]
            ],
            "Uncertainties": {
                "class0": [
                    0.22633811831474304,
                    0.4133315682411194,
                    0.41465669870376587,
                    0.49136731028556824,
                    0.5329421758651733
                ],
                "class1": [
                    0.2835363745689392,
                    0.3608188033103943,
                    0.3632698059082031,
                    0.47499531507492065,
                    0.5640447735786438
                ]
            }
        }
    ]
}