{
    "1_buckets": [
        {
            "R2": 0.645257656003762,
            "MAE": 0.001059674111953238,
            "MSE": 2.00926329774945e-06,
            "Accuracy": 1.0,
            "F1": 1.0,
            "Confusion Matrix": [
                [
                    3141
                ]
            ],
            "Uncertainties": {
                "class0": []
            }
        }
    ],
    "2_buckets": [
        {
            "R2": 0.6603186605291758,
            "MAE": 0.0010485435240219945,
            "MSE": 1.934833717621674e-06,
            "Accuracy": 0.8229863100923273,
            "F1": 0.7382700847896564,
            "Confusion Matrix": [
                [
                    2186,
                    211
                ],
                [
                    345,
                    399
                ]
            ],
            "Uncertainties": {
                "class0": [
                    0.4399544894695282,
                    0.4613656997680664,
                    0.531654953956604,
                    0.5611015558242798,
                    0.5795868039131165
                ],
                "class1": [
                    0.33829861879348755,
                    0.37583041191101074,
                    0.5702601075172424,
                    0.7582888007164001
                ]
            }
        }
    ],
    "3_buckets": [
        {
            "R2": 0.6424513897762931,
            "MAE": 0.0010465971382271541,
            "MSE": 1.9674719602001286e-06,
            "Accuracy": 0.6988220312002547,
            "F1": 0.6343595364143992,
            "Confusion Matrix": [
                [
                    1416,
                    97,
                    34
                ],
                [
                    237,
                    349,
                    262
                ],
                [
                    51,
                    265,
                    430
                ]
            ],
            "Uncertainties": {
                "class0": [
                    0.3301595449447632,
                    0.41647815704345703,
                    0.4271771013736725,
                    0.46420252323150635,
                    0.4777638614177704
                ],
                "class1": [
                    0.03094126097857952,
                    0.11915922909975052,
                    0.13672178983688354,
                    0.3301595449447632,
                    0.4271771013736725
                ],
                "class2": [
                    0.03094126097857952,
                    0.11915922909975052,
                    0.13672178983688354,
                    0.43427690863609314,
                    0.4503229856491089
                ]
            }
        }
    ]
}