{
    "1_buckets": [
        {
            "R2": 0.8742247143290356,
            "MAE": 2465.5309332519028,
            "MSE": 17972966.577722624,
            "Accuracy": 1.0,
            "F1": 1.0,
            "Confusion Matrix": [
                [
                    442
                ]
            ],
            "Uncertainties": {
                "class0": []
            }
        },
        {
            "R2": 0.8455206356306362,
            "MAE": 2571.8025113551444,
            "MSE": 22035453.428754803,
            "Accuracy": 1.0,
            "F1": 1.0,
            "Confusion Matrix": [
                [
                    442
                ]
            ],
            "Uncertainties": {
                "class0": []
            }
        },
        {
            "R2": 0.8416978356209273,
            "MAE": 2651.163970424355,
            "MSE": 24937589.164397642,
            "Accuracy": 1.0,
            "F1": 1.0,
            "Confusion Matrix": [
                [
                    442
                ]
            ],
            "Uncertainties": {
                "class0": []
            }
        }
    ]
}