{
    "1_buckets": [
        {
            "R2": 0.6153352056375163,
            "MAE": 0.0010748324035955196,
            "MSE": 2.0835605472015633e-06,
            "Accuracy": 1.0,
            "F1": 1.0,
            "Confusion Matrix": [
                [
                    3141
                ]
            ],
            "Uncertainties": {
                "class0": []
            }
        }
    ],
    "2_buckets": [
        {
            "R2": 0.6365542419964041,
            "MAE": 0.0010729444848184386,
            "MSE": 2.0530689199156607e-06,
            "Accuracy": 0.8150270614453996,
            "F1": 0.7221507226297097,
            "Confusion Matrix": [
                [
                    2188,
                    194
                ],
                [
                    387,
                    372
                ]
            ],
            "Uncertainties": {
                "class0": [
                    0.40928688645362854,
                    0.47840383648872375,
                    0.5046038031578064,
                    0.5078096985816956,
                    0.5281451940536499
                ],
                "class1": [
                    0.3570222556591034,
                    0.40787065029144287,
                    0.645393431186676
                ]
            }
        }
    ]
}