{
    "4_buckets": [
        {
            "R2": 0.5027214066060383,
            "MAE": 0.056926822540137145,
            "MSE": 0.007608018487104933,
            "Accuracy": 0.49079089924160346,
            "F1": 0.4745237349704302,
            "Confusion Matrix": [
                [
                    624,
                    199,
                    59,
                    53
                ],
                [
                    290,
                    286,
                    121,
                    143
                ],
                [
                    135,
                    231,
                    268,
                    318
                ],
                [
                    50,
                    99,
                    182,
                    634
                ]
            ],
            "Uncertainties": {
                "class0": [
                    0.10817566514015198,
                    0.11476398259401321,
                    0.14661212265491486,
                    0.16007888317108154,
                    0.20639733970165253
                ],
                "class1": [
                    0.03267310559749603,
                    0.05912676453590393,
                    0.10817566514015198,
                    0.11476398259401321,
                    0.13243606686592102
                ],
                "class2": [
                    0.03267310559749603,
                    0.05912676453590393,
                    0.13243606686592102,
                    0.1490992158651352,
                    0.16402991116046906
                ],
                "class3": [
                    0.03267310559749603,
                    0.05912676453590393,
                    0.13243606686592102,
                    0.1490992158651352,
                    0.16402991116046906
                ]
            }
        },
        {
            "R2": 0.4991708461252534,
            "MAE": 0.05687082425300228,
            "MSE": 0.0076623396063653275,
            "Accuracy": 0.4948537378114843,
            "F1": 0.47897550253012333,
            "Confusion Matrix": [
                [
                    636,
                    189,
                    57,
                    53
                ],
                [
                    286,
                    289,
                    122,
                    143
                ],
                [
                    129,
                    236,
                    273,
                    314
                ],
                [
                    46,
                    104,
                    186,
                    629
                ]
            ],
            "Uncertainties": {
                "class0": [
                    0.09931083768606186,
                    0.1087987869977951,
                    0.11503598093986511,
                    0.177239328622818,
                    0.18140116333961487
                ],
                "class1": [
                    0.02824251912534237,
                    0.06317327916622162,
                    0.09931083768606186,
                    0.1087987869977951,
                    0.11503598093986511
                ],
                "class2": [
                    0.02824251912534237,
                    0.06317327916622162,
                    0.1087987869977951,
                    0.14611408114433289,
                    0.1507522314786911
                ],
                "class3": [
                    0.02824251912534237,
                    0.06317327916622162,
                    0.14611408114433289,
                    0.1507522314786911,
                    0.1723531186580658
                ]
            }
        },
        {
            "R2": 0.5097861934704475,
            "MAE": 0.056626851570573525,
            "MSE": 0.007499932135136631,
            "Accuracy": 0.4934994582881907,
            "F1": 0.4778641475301986,
            "Confusion Matrix": [
                [
                    633,
                    193,
                    59,
                    50
                ],
                [
                    292,
                    285,
                    121,
                    142
                ],
                [
                    130,
                    243,
                    276,
                    303
                ],
                [
                    49,
                    100,
                    188,
                    628
                ]
            ],
            "Uncertainties": {
                "class0": [
                    0.06775204837322235,
                    0.09507856518030167,
                    0.1095968708395958,
                    0.13461478054523468,
                    0.1626046597957611
                ],
                "class1": [
                    0.010066954419016838,
                    0.056837279349565506,
                    0.06775204837322235,
                    0.07677925378084183,
                    0.09507856518030167
                ],
                "class2": [
                    0.010066954419016838,
                    0.056837279349565506,
                    0.07677925378084183,
                    0.1095968708395958,
                    0.15258875489234924
                ],
                "class3": [
                    0.010066954419016838,
                    0.056837279349565506,
                    0.07677925378084183,
                    0.15258875489234924,
                    0.2561240494251251
                ]
            }
        },
        {
            "R2": 0.5004847859185817,
            "MAE": 0.0570608838612465,
            "MSE": 0.007642237236443555,
            "Accuracy": 0.4888949079089924,
            "F1": 0.47225131305661816,
            "Confusion Matrix": [
                [
                    625,
                    194,
                    58,
                    58
                ],
                [
                    292,
                    287,
                    116,
                    145
                ],
                [
                    136,
                    229,
                    263,
                    324
                ],
                [
                    52,
                    97,
                    186,
                    630
                ]
            ],
            "Uncertainties": {
                "class0": [
                    0.11828156560659409,
                    0.15887795388698578,
                    0.16846197843551636,
                    0.20319916307926178,
                    0.24029076099395752
                ],
                "class1": [
                    0.032816119492053986,
                    0.06946992874145508,
                    0.11061185598373413,
                    0.11828156560659409,
                    0.11903021484613419
                ],
                "class2": [
                    0.032816119492053986,
                    0.06946992874145508,
                    0.11061185598373413,
                    0.11903021484613419,
                    0.18352876603603363
                ],
                "class3": [
                    0.032816119492053986,
                    0.06946992874145508,
                    0.11061185598373413,
                    0.11903021484613419,
                    0.18352876603603363
                ]
            }
        },
        {
            "R2": 0.5023013900072253,
            "MAE": 0.05711703113937217,
            "MSE": 0.007614444450520832,
            "Accuracy": 0.4924160346695558,
            "F1": 0.476831062330201,