{
    "1_buckets": [
        {
            "R2": 0.5082854479132228,
            "MAE": 35.05895900506679,
            "MSE": 5151.310763089206,
            "Accuracy": 1.0,
            "F1": 1.0,
            "Confusion Matrix": [
                [
                    6513
                ]
            ],
            "Uncertainties": {
                "class0": []
            }
        },
        {
            "R2": 0.5059087643694296,
            "MAE": 35.48134500230309,
            "MSE": 5176.209427299248,
            "Accuracy": 1.0,
            "F1": 1.0,
            "Confusion Matrix": [
                [
                    6513
                ]
            ],
            "Uncertainties": {
                "class0": []
            }
        },
        {
            "R2": 0.5002390627755771,
            "MAE": 35.86258252725319,
            "MSE": 5235.606479348994,
            "Accuracy": 1.0,
            "F1": 1.0,
            "Confusion Matrix": [
                [
                    6513
                ]
            ],
            "Uncertainties": {
                "class0": []
            }
        },
        {
            "R2": 0.5103853976447021,
            "MAE": 35.17825886688162,
            "MSE": 5129.311223706433,
            "Accuracy": 1.0,
            "F1": 1.0,
            "Confusion Matrix": [
                [
                    6513
                ]
            ],
            "Uncertainties": {
                "class0": []
            }
        }
    ]
}