{
    "1_buckets": [
        {
            "R2": 0.5191414621809615,
            "MAE": 0.05592799230601657,
            "MSE": 0.007356802995360777,
            "Accuracy": 1.0,
            "F1": 1.0,
            "Confusion Matrix": [
                [
                    3692
                ]
            ],
            "Uncertainties": {
                "class0": []
            }
        }
    ]
}