{
    "2_buckets": [
        {
            "MSE": 0.018882379683286293,
            "Accuracy": 0.4783315276273023,
            "F1": 0.3298167238756595,
            "Confusion Matrix": [
                [
                    1752,
                    23
                ],
                [
                    1903,
                    14
                ]
            ],
            "Average Similarity": 0.5216684723726978,
            "Similarity Matrix": [
                [
                    0.6216216216216216,
                    0.0
                ],
                [
                    0.0,
                    0.520656634746922
                ]
            ],
            "Uncertainties": {
                "class0": [],
                "class1": [
                    0.7999884486198425
                ]
            }
        },
        {
            "MSE": 0.01887824148525555,
            "Accuracy": 0.49052004333694477,
            "F1": 0.42562429579622757,
            "Confusion Matrix": [
                [
                    1526,
                    249
                ],
                [
                    1632,
                    285
                ]
            ],
            "Average Similarity": 0.49052004333694477,
            "Similarity Matrix": [
                [
                    0.4832172260924636,
                    0.0
                ],
                [
                    0.0,
                    0.5337078651685393
                ]
            ],
            "Uncertainties": {
                "class0": [],
                "class1": []
            }
        },
        {
            "MSE": 0.01888330985537974,
            "Accuracy": 0.48049837486457203,
            "F1": 0.32455177460665935,
            "Confusion Matrix": [
                [
                    1774,
                    1
                ],
                [
                    1917,
                    0
                ]
            ],
            "Average Similarity": 0.48049837486457203,
            "Similarity Matrix": [
                [
                    0.48062855594689785,
                    0.0
                ],
                [
                    0.0,
                    0.0
                ]
            ],
            "Uncertainties": {
                "class0": [],
                "class1": []
            }
        }
    ]
}