{
    "2_buckets": [
        {
            "R2": 0.43678567621890785,
            "MAE": 10.097882352941175,
            "MSE": 152.76503411764705,
            "Accuracy": 0.8235294117647058,
            "F1": 0.8234744384064241,
            "Confusion Matrix": [
                [
                    143,
                    27
                ],
                [
                    33,
                    137
                ]
            ],
            "Uncertainties": {
                "class0": [
                    0.13821542263031006,
                    0.2746332585811615,
                    0.3304915130138397,
                    0.3733491897583008,
                    0.43232303857803345
                ],
                "class1": [
                    0.2824397385120392,
                    0.39012110233306885,
                    0.4026387631893158,
                    0.4746193289756775,
                    0.48240286111831665
                ]
            },
            "Weighted Accuracy": 0.8235294117647058
        }
    ],
    "3_buckets": [
        {
            "R2": 0.6239310664489383,
            "MAE": 8.071205882352942,
            "MSE": 104.35171808823527,
            "Accuracy": 0.7235294117647059,
            "F1": 0.721530541562886,
            "Confusion Matrix": [
                [
                    90,
                    23,
                    2
                ],
                [
                    29,
                    64,
                    20
                ],
                [
                    1,
                    19,
                    92
                ]
            ],
            "Uncertainties": {
                "class0": [
                    0.025049932301044464,
                    0.07951267808675766,
                    0.16763341426849365,
                    0.20042723417282104,
                    0.21070221066474915
                ],
                "class1": [
                    0.014113862998783588,
                    0.025049932301044464,
                    0.03256842494010925,
                    0.07951267808675766,
                    0.14833605289459229
                ],
                "class2": [
                    0.014113862998783588,
                    0.03256842494010925,
                    0.14833605289459229,
                    0.20251429080963135,
                    0.3025689423084259
                ]
            },
            "Weighted Accuracy": 0.8063058823529412
        }
    ],
    "4_buckets": [
        {
            "R2": 0.4505784482197306,
            "MAE": 9.521764705882353,
            "MSE": 156.72394705882354,
            "Accuracy": 0.5735294117647058,
            "F1": 0.5502573605284473,
            "Confusion Matrix": [
                [
                    66,
                    9,
                    4,
                    5
                ],
                [
                    29,
                    23,
                    10,
                    9
                ],
                [
                    14,
                    18,
                    38,
                    20
                ],
                [
                    3,
                    6,
                    18,
                    68
                ]
            ],
            "Uncertainties": {
                "class0": [
                    0.02405644580721855,
                    0.05631137266755104,
                    0.059581104665994644,
                    0.2909182012081146,
                    0.3913584351539612
                ],
                "class1": [
                    0.02208920568227768,
                    0.02405644580721855,
                    0.05631137266755104,
                    0.10714200884103775,
                    0.20798194408416748
                ],
                "class2": [
                    0.02208920568227768,
                    0.02405644580721855,
                    0.05631137266755104,
                    0.10714200884103775,
                    0.15226036310195923
                ],
                "class3": [
                    0.02208920568227768,
                    0.059581104665994644,
                    0.10714200884103775,
                    0.15226036310195923,
                    0.20798194408416748
                ]
            },
            "Weighted Accuracy": 0.7024588235294118
        }
    ]
}