{
    "2_buckets": [
        {
            "MSE": 0.01888026286827573,
            "Accuracy": 0.4807692307692308,
            "F1": 0.3246753246753247,
            "Average Similarity": 0.48126119354496566,
            "Confusion Matrix": [
                [
                    1775,
                    0
                ],
                [
                    1917,
                    0
                ]
            ],
            "Similarity Matrix": [
                [
                    0.4807692307692308,
                    0.0
                ],
                [
                    0.0004919627757348763,
                    0.0
                ]
            ],
            "Uncertainties": {
                "class0": [
                    0.7998310923576355
                ],
                "class1": []
            }
        },
        {
            "MSE": 0.018878347093487,
            "Accuracy": 0.4810400866738895,
            "F1": 0.3257122376769156,
            "Average Similarity": 0.4810400866738895,
            "Confusion Matrix": [
                [
                    1774,
                    1
                ],
                [
                    1915,
                    2
                ]
            ],
            "Similarity Matrix": [
                [
                    0.4808891298454866,
                    0.0
                ],
                [
                    0.0,
                    0.6666666666666666
                ]
            ],
            "Uncertainties": {
                "class0": [],
                "class1": []
            }
        },
        {
            "MSE": 0.018816076781414406,
            "Accuracy": 0.4894366197183099,
            "F1": 0.3772540071362258,
            "Average Similarity": 0.4894366197183099,
            "Confusion Matrix": [
                [
                    1687,
                    88
                ],
                [
                    1797,
                    120
                ]
            ],
            "Similarity Matrix": [
                [
                    0.48421354764638347,
                    0.0
                ],
                [
                    0.0,
                    0.5769230769230769
                ]
            ],
            "Uncertainties": {
                "class0": [],
                "class1": [
                    0.7994998693466187
                ]
            }
        }
    ]
}