{
    "1_buckets": [
        {
            "R2": 0.6473534066460769,
            "MAE": 0.001052270873139923,
            "MSE": 1.947435486344428e-06,
            "Accuracy": 1.0,
            "F1": 1.0,
            "Confusion Matrix": [
                [
                    3141
                ]
            ],
            "Uncertainties": {
                "class0": []
            }
        }
    ]
}